{
  "restaurants": [
    {
      "blurhash": "UKFGw4^KM}$$x@X8N1kB10R+xEWWR8Rlt4o0",
      "launch_date": "2020-02-23",
      "location": [24.941244, 60.171987],
      "name": "Ketchup XL",
      "online": false,
      "popularity": 0.30706741877410304
    },
    {
      "blurhash": "UCO;.s:bO%r_yWXlORbbC?TFvobaVDi_t9nS",
      "launch_date": "2020-02-19",
      "location": [24.935637, 60.156621],
      "name": "Tender Lettuce",
      "online": true,
      "popularity": 0.3919633748546864
    },
    {
      "blurhash": "UH9DE2+hKKsCO-X5r]n*3#GAw3Sx+hr]OnX5",
      "launch_date": "2020-05-22",
      "location": [24.935326, 60.155631],
      "name": "Mustard",
      "online": true,
      "popularity": 0.40907452479616846
    },
    {
      "blurhash": "UME,}O}zIwJXTsTGnjs*I{OHbYsRMoi~xnbI",
      "launch_date": "2020-11-11",
      "location": [24.9487, 60.172542],
      "name": "Relish Place",
      "online": false,
      "popularity": 0.6696615083382598
    },
    {
      "blurhash": "UGHdYc]|EmNdYjJW$doe57J7bcxZ8$xBbYW-",
      "launch_date": "2020-03-16",
      "location": [24.931176, 60.166673],
      "name": "Heavenly Crackers House",
      "online": true,
      "popularity": 0.17347340947833162
    },
    {
      "blurhash": "UJG7Y{^8W-Io%yIpa#s:5hOks:sE8zxabYf~",
      "launch_date": "2020-09-21",
      "location": [24.94437, 60.166527],
      "name": "Awesome Olive Van",
      "online": false,
      "popularity": 0.5612382661825036
    },
    {
      "blurhash": "UJAw_5[.OEW;2vJ-#,a}ODJ-OEwc,VwcSgSg",
      "launch_date": "2020-01-25",
      "location": [24.927635, 60.160208],
      "name": "Potato Garden",
      "online": false,
      "popularity": 0.9385898095797295
    },
    {
      "blurhash": "UCRSO~%MR5XlqDX+eUs;RQWCkCoeh#idkqWB",
      "launch_date": "2020-03-23",
      "location": [24.932231, 60.159385],
      "name": "Horrific Taco Hotel",
      "online": true,
      "popularity": 0.3344814415485037
    },
    {
      "blurhash": "UCOAiQ%fIVxt8zRRx@V[F-Scj0WU-qoeWBof",
      "launch_date": "2020-07-19",
      "location": [24.949887, 60.164144],
      "name": "Ketchup Garden",
      "online": true,
      "popularity": 0.13868764972681744
    },
    {
      "blurhash": "UNDLy=}iEmRqT1S6nis*7uOnwKW=RDaetKk8",
      "launch_date": "2020-04-15",
      "location": [24.931383, 60.172675],
      "name": "Papas Burger Party",
      "online": true,
      "popularity": 0.8212304387029502
    },
    {
      "blurhash": "UAIcz{}vxmSuE4ItNMai6=Fns;wi-DxaX2X3",
      "launch_date": "2020-01-18",
      "location": [24.931684, 60.159661],
      "name": "Tomato Paste",
      "online": true,
      "popularity": 0.3426788599878831
    },
    {
      "blurhash": "UIGXfS,[oLS1AVJPa{sp1fo2juWV=Ko3WWS2",
      "launch_date": "2020-10-15",
      "location": [24.930341, 60.167461],
      "name": "Paprika Grill",
      "online": true,
      "popularity": 0.21829225206482272
    },
    {
      "blurhash": "UFO1ex-ANaRmd1SwwgodH|R-brt5HdsokBWX",
      "launch_date": "2020-03-30",
      "location": [24.945411, 60.158344],
      "name": "Heavenly Taco Palace",
      "online": false,
      "popularity": 0.11313881394579015
    },
    {
      "blurhash": "UDSYr*v7X%kVq0cOi%etTca$nibqr4a8bqk7",
      "launch_date": "2020-01-05",
      "location": [24.930132, 60.152363],
      "name": "Fake Tomato Mafia",
      "online": true,
      "popularity": 0.7953685298092403
    },
    {
      "blurhash": "U9O[r*?hI_VN*8yNniVx5^NhxTknY]MmX+tx",
      "launch_date": "2020-11-23",
      "location": [24.935659, 60.161989],
      "name": "Chili powder",
      "online": true,
      "popularity": 0.7353250033621942
    },
    {
      "blurhash": "UOC~Pw#,JUo0?Rk9n%oc1PS|w]k9DZs,Szba",
      "launch_date": "2020-09-06",
      "location": [24.932806, 60.160777],
      "name": "Shocking",
      "online": true,
      "popularity": 0.06954263841889538
    },
    {
      "blurhash": "UAN=8k?LS~M:ErJFs%t0MDMWRqo@%BxSV{RX",
      "launch_date": "2020-04-20",
      "location": [24.938082, 60.17626],
      "name": "Sea Chain",
      "online": true,
      "popularity": 0.956990414084132
    },
    {
      "blurhash": "UHJ=+6?ZD+w^GstknPR+4XM}x@a#d=MytRt6",
      "launch_date": "2020-06-29",
      "location": [24.925349, 60.176609],
      "name": "Happy",
      "online": false,
      "popularity": 0.41334922328347296
    },
    {
      "blurhash": "UMD*|{}^9sn,K@XgwOj[9aNGxtbYQ;a3tQof",
      "launch_date": "2020-10-10",
      "location": [24.946103, 60.180464],
      "name": "Papas",
      "online": true,
      "popularity": 0.32967241195011165
    },
    {
      "blurhash": "UHEVLk~04~-gG6SuxFob5LWZ$]NfI2RWkTai",
      "launch_date": "2020-07-07",
      "location": [24.930746, 60.154788],
      "name": "Mamas Tomato Basket",
      "online": true,
      "popularity": 0.10851108213709704
    },
    {
      "blurhash": "UKNaZ$xnRXaQO5WEt2f7DfRpo?k8MptKV}ou",
      "launch_date": "2020-03-14",
      "location": [24.924752, 60.179213],
      "name": "Charming Pepper Emporium",
      "online": true,
      "popularity": 0.741748846018373
    },
    {
      "blurhash": "UDM+S%:dJ{TWUWTtV?v.0_n8oNX3Z|Rit9S]",
      "launch_date": "2020-03-03",
      "location": [24.94267, 60.159415],
      "name": "Loving Lemons",
      "online": true,
      "popularity": 0.18821176187284486
    },
    {
      "blurhash": "UGKp#o@uCO#SLwTIrYkBC~X7rsXRduSgb[nP",
      "launch_date": "2020-11-24",
      "location": [24.950464, 60.170267],
      "name": "Butter Hotel",
      "online": true,
      "popularity": 0.6251161053931533
    },
    {
      "blurhash": "U3QqKl}:O-m?7rJ*#pkSM9DqNuxq=vxYV^RU",
      "launch_date": "2020-09-18",
      "location": [24.938181, 60.162044],
      "name": "Sea",
      "online": true,
      "popularity": 0.4264074321140764
    },
    {
      "blurhash": "U6T69eube;rHy,lNf%a3V5aOkUknu:ZTg1k-",
      "launch_date": "2020-09-25",
      "location": [24.95136, 60.157142],
      "name": "Rosemary",
      "online": false,
      "popularity": 0.8514554035262657
    },
    {
      "blurhash": "UHPNdonnSunnGeX3nnbXFWn,bEjc#bf9W-ay",
      "launch_date": "2020-02-20",
      "location": [24.933601, 60.154959],
      "name": "Honey Extreme",
      "online": false,
      "popularity": 0.1887706331565543
    },
    {
      "blurhash": "U5RVux+zIok,tUNGxZjHGjTvaMwOMHxbb^b]",
      "launch_date": "2020-05-14",
      "location": [24.932251, 60.1816],
      "name": "Soda Factory",
      "online": false,
      "popularity": 0.5942131535084464
    },
    {
      "blurhash": "UJFh9i~A9btLO7bXxHs.AAJ5s:spI1jJo@R*",
      "launch_date": "2020-02-14",
      "location": [24.925993, 60.171116],
      "name": "Cake Heaven",
      "online": false,
      "popularity": 0.698384415286917
    },
    {
      "blurhash": "UCN8K6?TIZjGPUR-xWW;8%IbtOxrHat3WYa#",
      "launch_date": "2020-07-28",
      "location": [24.950922, 60.154714],
      "name": "Extreme",
      "online": true,
      "popularity": 0.6459340832349247
    },
    {
      "blurhash": "UI97ru%EIvocNMa#t2oc0YIvxnR.-hocIvWF",
      "launch_date": "2020-01-20",
      "location": [24.938353, 60.172132],
      "name": "Chili Pepper",
      "online": true,
      "popularity": 0.8934866288893477
    },
    {
      "blurhash": "UKJ]2:tRJ5kV%gs;V@sW3|njn,n+U_R%ozSx",
      "launch_date": "2020-04-24",
      "location": [24.930713, 60.162698],
      "name": "Horrific Salami",
      "online": true,
      "popularity": 0.08895510522751925
    },
    {
      "blurhash": "UMD*~9$$azNK9}I@jts-12xEoKaz=wodS3R,",
      "launch_date": "2020-01-06",
      "location": [24.942542, 60.181301],
      "name": "Black Pepper Grill",
      "online": false,
      "popularity": 0.5359213679339973
    },
    {
      "blurhash": "UKGsRwwbSis92|Sis8W=6.WrW=js;cjZWra}",
      "launch_date": "2020-03-20",
      "location": [24.922566, 60.162293],
      "name": "Cheese Buffet",
      "online": true,
      "popularity": 0.34380242340441275
    },
    {
      "blurhash": "UHJZf_}jIcNfK}THnQnjElN_kSs+Q^eYtLbr",
      "launch_date": "2020-07-24",
      "location": [24.944815, 60.174204],
      "name": "Yucky Fish Buffet",
      "online": false,
      "popularity": 0.06909726749813876
    },
    {
      "blurhash": "UBP^%T-rNVeoI9M{t8ozKVX1rzWA$-ozX2kB",
      "launch_date": "2020-12-07",
      "location": [24.929344, 60.162536],
      "name": "Tortilla Place",
      "online": true,
      "popularity": 0.2389385356741786
    },
    {
      "blurhash": "U8TRlmmRf6pHtRg2f6e.hdh0fkeTrXeTfkgM",
      "launch_date": "2020-03-11",
      "location": [24.94357, 60.152337],
      "name": "Cauliflower",
      "online": false,
      "popularity": 0.5388780132210966
    },
    {
      "blurhash": "UEL:h[|8I-OkYxTsn9r_ExOlo{s:M1eCxvkV",
      "launch_date": "2020-12-08",
      "location": [24.938667, 60.155196],
      "name": "Corn Place",
      "online": false,
      "popularity": 0.5436221040194886
    },
    {
      "blurhash": "UCPYm;+UJytLYlTBrgk9KrTSoLnUMDnUk$Sc",
      "launch_date": "2020-08-30",
      "location": [24.93467, 60.175518],
      "name": "Ultimate",
      "online": false,
      "popularity": 0.08156904470685529
    },
    {
      "blurhash": "U4Sw#MvXTmv.lqXem]bqTobZi}bqz#jcXfjJ",
      "launch_date": "2020-08-14",
      "location": [24.935493, 60.168056],
      "name": "Broccoli Garden",
      "online": false,
      "popularity": 0.48900879938957936
    },
    {
      "blurhash": "UFHIoI^rEURS%xx=nhV]1UJE$wkVU{R7XmtP",
      "launch_date": "2020-10-16",
      "location": [24.92958, 60.162341],
      "name": "Fried Cheese Burger",
      "online": true,
      "popularity": 0.7899445009551945
    },
    {
      "blurhash": "UCQNvu-vI3kVl+X,ixt0D_R;tJX9hkixpYbI",
      "launch_date": "2020-02-21",
      "location": [24.946078, 60.164069],
      "name": "Oregano Party",
      "online": false,
      "popularity": 0.01608086691389133
    },
    {
      "blurhash": "USCO^_~3WXERS~XRocslEfJ6oct5RCVxbHkS",
      "launch_date": "2020-06-18",
      "location": [24.928184, 60.174811],
      "name": "Happy Feta",
      "online": true,
      "popularity": 0.6475697223339456
    },
    {
      "blurhash": "UEPh{Wz}O%r^H5O;rwbbMtR#o#W-#anmSbad",
      "launch_date": "2020-08-07",
      "location": [24.937487, 60.17703],
      "name": "Chocolate",
      "online": true,
      "popularity": 0.7620805718597206
    },
    {
      "blurhash": "UDSoswyZVqm.p%cRjLaKUgZ+k.kWrFZ%a$kX",
      "launch_date": "2020-11-26",
      "location": [24.938908, 60.160413],
      "name": "Salt",
      "online": true,
      "popularity": 0.8954324472876662
    },
    {
      "blurhash": "UIE9tb,-AcxC1SNf$dWYA@S4sCS5,-slNxoJ",
      "launch_date": "2020-02-17",
      "location": [24.942694, 60.166713],
      "name": "Sugar Factory",
      "online": false,
      "popularity": 0.09127588998319809
    },
    {
      "blurhash": "U9T7pCrsevoPu8bWawfgV,bxj;kOqqkQkVf+",
      "launch_date": "2020-07-19",
      "location": [24.944263, 60.180763],
      "name": "Gourmet Plus",
      "online": false,
      "popularity": 0.7439941294724864
    },
    {
      "blurhash": "UKG~IVWWS3WWNcjtoKoK10oKoKoK-9WWR,R,",
      "launch_date": "2020-12-12",
      "location": [24.926609, 60.156145],
      "name": "Shrimp XL",
      "online": true,
      "popularity": 0.12850574592960115
    },
    {
      "blurhash": "UHSFWrsTWobEpLX7jajYROWEkCkCZ_n,a$bJ",
      "launch_date": "2020-08-04",
      "location": [24.943179, 60.176732],
      "name": "Awesome Garlic Mafia",
      "online": true,
      "popularity": 0.4964753603220507
    },
    {
      "blurhash": "UFMh=D~lM|IZOjXMs:ahIcN2bXtMVgVyowtO",
      "launch_date": "2020-07-23",
      "location": [24.938778, 60.160624],
      "name": "Fake Parsley",
      "online": false,
      "popularity": 0.045191530459339775
    },
    {
      "blurhash": "UGB|33~3I;Ic-{%DjcRo0|Ef$%xWIMM-kQxn",
      "launch_date": "2020-11-29",
      "location": [24.93623, 60.169935],
      "name": "Fake Onion",
      "online": true,
      "popularity": 0.23036375831315775
    },
    {
      "blurhash": "UJEyvU]yA2$xPmOsrsxU1loIxUS$MTjGtKjG",
      "launch_date": "2020-08-17",
      "location": [24.942726, 60.17163],
      "name": "Friendly Cheddar Nation",
      "online": false,
      "popularity": 0.5413713376938551
    },
    {
      "blurhash": "UFD}1U_tVaoz.6P5Kboe7;KzwNrt5Pv,#=OA",
      "launch_date": "2020-04-12",
      "location": [24.933312, 60.169212],
      "name": "Ultimate Corn XL",
      "online": false,
      "popularity": 0.9715483960846673
    },
    {
      "blurhash": "UNB[ly,]JisW%2xHWUju32OTwhSeNGR*s:ju",
      "launch_date": "2020-08-19",
      "location": [24.938521, 60.166018],
      "name": "Fictive Spinach",
      "online": true,
      "popularity": 0.032796935023081085
    },
    {
      "blurhash": "UIEejN}*9|VzGob=wKV{5%S1xaS^r3RVbpxn",
      "launch_date": "2020-06-06",
      "location": [24.92619, 60.177111],
      "name": "Fried Spinach",
      "online": true,
      "popularity": 0.9395215599867948
    },
    {
      "blurhash": "UKOEbavhTJnjYrXlrYbHC%j=XRoIQ$jFoaj=",
      "launch_date": "2020-01-14",
      "location": [24.936201, 60.157873],
      "name": "Olive oil Planet",
      "online": true,
      "popularity": 0.6540829656275151
    },
    {
      "blurhash": "UGRGhlyARRkklac6j0oyIUn,kSaym1a6o]V]",
      "launch_date": "2020-09-20",
      "location": [24.947267, 60.153543],
      "name": "Mamas Vegetable Party",
      "online": false,
      "popularity": 0.7133354588849337
    },
    {
      "blurhash": "UGEnnv?GM|M|3D%LjFV[0,R,oyoyz;IVxtxt",
      "launch_date": "2020-09-21",
      "location": [24.934626, 60.165949],
      "name": "Mushroom Palace",
      "online": false,
      "popularity": 0.1695911542324887
    },
    {
      "blurhash": "UGIf?c^o9-V|EWovxTRpGHOGwHt1m?Vyo[xm",
      "launch_date": "2020-07-19",
      "location": [24.937045, 60.161703],
      "name": "Fried Pineapple",
      "online": true,
      "popularity": 0.7439754745659923
    },
    {
      "blurhash": "UBM[YD{FFvO*YBO$RRw6C#K}rracQ_i+x[b[",
      "launch_date": "2020-02-18",
      "location": [24.93755, 60.165211],
      "name": "Pineapple Plus",
      "online": true,
      "popularity": 0.4140474136156465
    },
    {
      "blurhash": "UDSFySu_TUk*qEcEiei|T,X|kXi%mjZ$o#kV",
      "launch_date": "2020-09-25",
      "location": [24.94665, 60.172647],
      "name": "Happy Corn Planet",
      "online": false,
      "popularity": 0.5036221275154465
    },
    {
      "blurhash": "UKB;Mk]|I^oJ1SJD$ebHESNMj[a}-4xBNeWX",
      "launch_date": "2020-10-25",
      "location": [24.949733, 60.166172],
      "name": "Bacon Basket",
      "online": true,
      "popularity": 0.9482709720911751
    },
    {
      "blurhash": "U9L~{H}NjsJ;=o$voIWY6CF4oI$dJFI_j=s%",
      "launch_date": "2020-05-29",
      "location": [24.937353, 60.177828],
      "name": "Real Chili",
      "online": false,
      "popularity": 0.7059295528321099
    },
    {
      "blurhash": "UIE.3?}T9|tMUAOrrtxV56NY$*odDIi|XfR-",
      "launch_date": "2020-12-28",
      "location": [24.926041, 60.175401],
      "name": "Naughty Cherry Buffet",
      "online": false,
      "popularity": 0.31438654332699567
    },
    {
      "blurhash": "UKD:w1{hElS_TsP4S1rv5@JC$MSzVui|ofX7",
      "launch_date": "2020-11-17",
      "location": [24.943237, 60.181173],
      "name": "Lovely Burger Grill",
      "online": true,
      "popularity": 0.03804999276898971
    },
    {
      "blurhash": "UNDVs2}5JWOFFyt2$eRoGZKPniw[VyRoS}t2",
      "launch_date": "2020-05-04",
      "location": [24.945715, 60.167827],
      "name": "Real Pizza Factory",
      "online": true,
      "popularity": 0.5045108175927286
    },
    {
      "blurhash": "UEJa-_?G9?wOAoxtr^NH7*SKwPf}r2M{kkxt",
      "launch_date": "2020-02-21",
      "location": [24.926597, 60.166347],
      "name": "Fresh Cheddar",
      "online": true,
      "popularity": 0.3576193037298722
    },
    {
      "blurhash": "UPCc|#{.NxJ~TpTEi~rwJ4O7XNs;RDi%xCk7",
      "launch_date": "2020-04-04",
      "location": [24.935016, 60.164915],
      "name": "Fresh Sea Party",
      "online": true,
      "popularity": 0.03822281103630245
    },
    {
      "blurhash": "UJJEP?}mE8R,K|TGrtahENJ8owsoQveYtMbY",
      "launch_date": "2020-10-04",
      "location": [24.923411, 60.172111],
      "name": "Crispy",
      "online": true,
      "popularity": 0.35130391441431497
    },
    {
      "blurhash": "ULFgVE}sE3bvGNORnUj=A1JCoaniMUj0tMS5",
      "launch_date": "2020-09-24",
      "location": [24.936465, 60.178633],
      "name": "Loving Meat Basket",
      "online": true,
      "popularity": 0.7400471016913404
    },
    {
      "blurhash": "UQN%6l.XV_M-V^axovocMpRFafotaPahkBoy",
      "launch_date": "2020-06-23",
      "location": [24.928492, 60.165993],
      "name": "Real Pepperoni Place",
      "online": false,
      "popularity": 0.015356838945972454
    },
    {
      "blurhash": "UCNR29?5M,NNT]l1aOnP0asSoubsvRMntKtK",
      "launch_date": "2020-01-21",
      "location": [24.931772, 60.15222],
      "name": "Fresh Pineapple Plus",
      "online": false,
      "popularity": 0.19114912161376477
    },
    {
      "blurhash": "UKB#lk=qEmxC-}t2Rooc2^OY#+bHMSRUo]nj",
      "launch_date": "2020-02-03",
      "location": [24.933311, 60.160549],
      "name": "Horrific Lettuce",
      "online": true,
      "popularity": 0.5322843011301973
    },
    {
      "blurhash": "UQCBXU,@JQn,${xEWXWo31OTwzW-N4Ncs+sV",
      "launch_date": "2020-01-12",
      "location": [24.925688, 60.178389],
      "name": "Cucumber Hotel",
      "online": true,
      "popularity": 0.6259073873586668
    },
    {
      "blurhash": "UGAWDQ}kEQJD?GxtRkn$1RF4$z$e9HM|tRS$",
      "launch_date": "2020-06-19",
      "location": [24.951305, 60.175722],
      "name": "Happy Parmesan",
      "online": true,
      "popularity": 0.5849846458054436
    },
    {
      "blurhash": "UFT8lemKgHpAq2cPesi%b.b.f~e?rLikf7f}",
      "launch_date": "2020-12-20",
      "location": [24.949907, 60.161059],
      "name": "Italian Garden",
      "online": true,
      "popularity": 0.0847131674543133
    },
    {
      "blurhash": "UGQ$?[%pR.s+O?gdtKa}L[aNo]a}sSVfVyov",
      "launch_date": "2020-01-23",
      "location": [24.934809, 60.157597],
      "name": "Big Cheddar Basket",
      "online": true,
      "popularity": 0.6063666440483193
    },
    {
      "blurhash": "UBO1xu~SIWNdUWTun6soDVMltPtMU{n5tQR,",
      "launch_date": "2020-04-24",
      "location": [24.942847, 60.169778],
      "name": "Fictive Olive Mafia",
      "online": true,
      "popularity": 0.2233905847654424
    },
    {
      "blurhash": "UHGBu9@;7ikVYeTbVyv}8JbH+ZS~MVR:pBX8",
      "launch_date": "2020-08-06",
      "location": [24.946196, 60.175098],
      "name": "Awesome Pizza",
      "online": false,
      "popularity": 0.5154888517097342
    },
    {
      "blurhash": "UCQ6y[?XIXV[YtX}nAoLHtRPtio{U.Z:pAf#",
      "launch_date": "2020-07-12",
      "location": [24.950317, 60.175937],
      "name": "Basil Basil",
      "online": false,
      "popularity": 0.9197323696645769
    },
    {
      "blurhash": "UINaxb-$I0o]Y2XkjFs,DHV{teRoVaa3ofja",
      "launch_date": "2020-06-07",
      "location": [24.938674, 60.168519],
      "name": "Smoky Tomato",
      "online": false,
      "popularity": 0.14509987938919433
    },
    {
      "blurhash": "UFBo;%|1J.J,6^FqwfwgAyJqsjbD,GwgS6Wr",
      "launch_date": "2020-02-27",
      "location": [24.940998, 60.180715],
      "name": "Onion Party",
      "online": true,
      "popularity": 0.2362352533637076
    },
    {
      "blurhash": "UCBTpy]pjuNtS2S2jtoL1tAVa|w|$Qw|a|Nt",
      "launch_date": "2020-06-11",
      "location": [24.933647, 60.159362],
      "name": "Pesto Palace",
      "online": true,
      "popularity": 0.22050050997202555
    },
    {
      "blurhash": "UGCmlj[BBoX83WKO#Sn%BVK5oIW;;2wJShjZ",
      "launch_date": "2020-06-29",
      "location": [24.933983, 60.152278],
      "name": "Cherry Planet",
      "online": false,
      "popularity": 0.5865151774762936
    },
    {
      "blurhash": "URCU.P{WO9KbcVXkayrvBzKIspspM{V@oNkC",
      "launch_date": "2020-03-11",
      "location": [24.940499, 60.155512],
      "name": "Nasty Peas",
      "online": false,
      "popularity": 0.7207675096438496
    },
    {
      "blurhash": "UGGb5p^|4@xEESt6xWWD1vS2xGkBQ;NHtixY",
      "launch_date": "2020-12-24",
      "location": [24.933944, 60.16461],
      "name": "Papas Octopus Factory",
      "online": true,
      "popularity": 0.3595856939421856
    },
    {
      "blurhash": "UEMbL}{2JCO=K=TBnUnlG@K~k7rrVinBxUkS",
      "launch_date": "2020-03-25",
      "location": [24.944127, 60.163883],
      "name": "Shrimp Nation",
      "online": false,
      "popularity": 0.5838466845822695
    },
    {
      "blurhash": "USL_FctRRPoftkozV@j[9pWBofaxVaRjozax",
      "launch_date": "2020-03-14",
      "location": [24.929032, 60.161217],
      "name": "Loving Ham",
      "online": true,
      "popularity": 0.18385418536189813
    },
    {
      "blurhash": "ULDK46wNI@jJ15NuxDbF0Ys+W.oc?8n+RoWF",
      "launch_date": "2020-03-06",
      "location": [24.943776, 60.153804],
      "name": "Vegetable Factory",
      "online": true,
      "popularity": 0.7332623605450638
    },
    {
      "blurhash": "UNCY{d~TM~IpS[XMoeo49ON2xpf#aPV{a#xr",
      "launch_date": "2020-09-14",
      "location": [24.949398, 60.162979],
      "name": "Real Carrot Fest",
      "online": true,
      "popularity": 0.11785157629562806
    },
    {
      "blurhash": "UIDbdj=cNuNH%zENWBxZ1Hb]$PkCD6%1ozt6",
      "launch_date": "2020-10-28",
      "location": [24.922481, 60.170761],
      "name": "Tempting Lemon Van",
      "online": true,
      "popularity": 0.7606795592575231
    },
    {
      "blurhash": "UKFRBf]=Nr$l%cbqNZkA3IX4#sSvH_RktPjI",
      "launch_date": "2020-03-13",
      "location": [24.941282, 60.15696],
      "name": "Sauce XL",
      "online": false,
      "popularity": 0.14612063072792464
    },
    {
      "blurhash": "UGEx*N~A9]VtBotR$hNH2+S1sXoyq{Iob@%1",
      "launch_date": "2020-05-21",
      "location": [24.923416, 60.161504],
      "name": "Fake Crust Factory",
      "online": true,
      "popularity": 0.197521894310212
    },
    {
      "blurhash": "UBN*,K%ORiWAadaxogof9DITt8ogxvogRiWA",
      "launch_date": "2020-11-08",
      "location": [24.947294, 60.170424],
      "name": "Chili Flakes",
      "online": false,
      "popularity": 0.112073551371331
    },
    {
      "blurhash": "UELnB2~oD*M#L6c4wjWFD6IBpFtPm{Z=jpt1",
      "launch_date": "2020-09-07",
      "location": [24.952036, 60.169315],
      "name": "Fried Pasta",
      "online": false,
      "popularity": 0.47589749120556957
    },
    {
      "blurhash": "UHJ7Cs~b98bIbcRoobxn4iRp%DRoIJWEodRo",
      "launch_date": "2020-02-05",
      "location": [24.923458, 60.171231],
      "name": "Tortilla Hotel",
      "online": false,
      "popularity": 0.2085500606669288
    },
    {
      "blurhash": "UCQcUH+eKMrwUMc6nBbYGDW;obbqmwV|otnj",
      "launch_date": "2020-04-07",
      "location": [24.93576, 60.181688],
      "name": "Ketchup Basket",
      "online": false,
      "popularity": 0.08067670139448418
    },
    {
      "blurhash": "U2Sura#SR;wMaVX9s%f*Hlobbbk9?7jFV{aO",
      "launch_date": "2020-03-04",
      "location": [24.937525, 60.168944],
      "name": "French Bread",
      "online": false,
      "popularity": 0.4706908423058939
    },
    {
      "blurhash": "UML=^6r=TJniC,X9rXX8HBniXSjZ*|X8XSjZ",
      "launch_date": "2020-06-25",
      "location": [24.939131, 60.169804],
      "name": "Pineapple",
      "online": false,
      "popularity": 0.29640961072116995
    },
    {
      "blurhash": "ULD4%y+%G9V[%2w}aeSd3~Oo#EbuR6Nsozwh",
      "launch_date": "2020-03-29",
      "location": [24.942574, 60.156053],
      "name": "Tasty",
      "online": true,
      "popularity": 0.20374376688132864
    },
    {
      "blurhash": "UJEszG@*B|s;Q5TIv%s;BMKds;w4D~enozSd",
      "launch_date": "2020-05-18",
      "location": [24.937382, 60.17137],
      "name": "Italian Garden",
      "online": false,
      "popularity": 0.4605295009804449
    }
  ]
}
